{"data": {"root": "/home/liu/AD_Data/DiFint/win_id4_share/KITTI/raw/data/raw_dataset",
          "root_kitti12": "/home/liu/AD_Data/DiFint/win_id4_share/KITTI/optical_flow_2012/data_stereo_flow/training",
          "root_kitti15": "/home/liu/AD_Data/DiFint/win_id4_share/KITTI/scene_flow_2015/data_scene_flow/training",
          "run_at": false,
          "test_shape": [256, 832],
          "train_file": "datasets/kitti_train_2f_sv.txt",
          "train_n_frames": 2,
          "train_shape": [256, 832],
          "type": "KITTI_Raw",
          "val_n_frames": 2},
 "data_aug": {"crop": false,
              "hflip": true,
              "swap": true},
 "loss": {"alpha": 10,
          "occ_from_back": false,
          "type": "unflow",
          "w_l1": 0.15,
          "w_scales": [1.0, 1.0, 1.0, 1.0, 0.0],
          "w_sm_scales": [1.0, 0.0, 0.0, 0.0, 0.0],
          "w_smooth": 75.0,
          "w_ssim": 0.85,
          "w_ternary": 0.0,
          "warp_pad": "border",
          "with_bk": true,
          "smooth_2nd": true},
 "model": {"n_frames": 2,
           "reduce_dense": true,
           "type": "pwclite",
           "upsample": true},
 "seed": 0,
 "train": {"batch_size": 4,
           "beta": 0.999,
           "bias_decay": 0,
           "epoch_num": 1000,
           "epoch_size": 1000,
           "lr": 0.0001,
           "momentum": 0.9,
           "n_gpu": 1,
           "optim": "adam",
           "pretrained_model": null,
           "print_freq": 10,
           "record_freq": 50,
           "save_iter": 10000,
           "stage1": {"epoch": 50,
                      "loss": {"occ_from_back": false,
                               "w_l1": 0.0,
                               "w_ssim": 0.0,
                               "w_ternary": 1.0}},
           "val_epoch_size": 1,
           "valid_size": 0,
           "weight_decay": 1e-06,
           "workers": 4},
 "trainer": "KITTI"}